symbol,date_txn,open,low,high,close_price,volume,lead_1,lead_5,lead_10,name,class_type_of
SPY,11/10/2015,207.51,207.19,208.6,208.55,71844000,207.67,205.47,209.35,SPDR S&P500,S_P_500
SPY,11/11/2015,208.88,207.66,208.94,207.67,67251000,204.84,208.73,209.32,SPDR S&P500,S_P_500
SPY,11/12/2015,206.5,204.82,207.06,204.84,118209400,202.54,208.55,209.56,SPDR S&P500,S_P_500
SPY,11/13/2015,204.35,202.44,204.67,202.54,145494400,205.62,209.31,208.69,SPDR S&P500,S_P_500
SPY,11/16/2015,202.32,202.18,205.69,205.62,112996000,205.47,209.07,210.68,SPDR S&P500,S_P_500
SPY,11/17/2015,205.99,204.88,207.04,205.47,113429400,208.73,209.35,208.53,SPDR S&P500,S_P_500
SPY,11/18/2015,206.04,205.99,208.9,208.73,113064100,208.55,209.32,205.61,SPDR S&P500,S_P_500
SPY,11/19/2015,208.59,208.2,209.05,208.55,81363500,209.31,209.56,209.62,SPDR S&P500,S_P_500
SPY,11/20/2015,209.45,208.86,210.12,209.31,89556300,209.07,208.69,208.35,SPDR S&P500,S_P_500
SPY,11/23/2015,209.31,208.52,209.98,209.07,63829000,209.35,210.68,206.95,SPDR S&P500,S_P_500
SPY,11/24/2015,207.87,207.41,209.83,209.35,96553500,209.32,208.53,205.34,SPDR S&P500,S_P_500
SPY,11/25/2015,209.5,209.01,209.74,209.32,50785600,209.56,205.61,205.87,SPDR S&P500,S_P_500
SPY,11/27/2015,209.43,208.86,209.8,209.56,37298600,208.69,209.62,201.79,SPDR S&P500,S_P_500
SPY,11/30/2015,209.75,208.56,209.89,208.69,104282700,210.68,208.35,202.9,SPDR S&P500,S_P_500
SPY,12/1/2015,209.44,209.11,210.82,210.68,95897700,208.53,206.95,205.03,SPDR S&P500,S_P_500
SPY,12/2/2015,210.62,208.23,211,208.53,105963100,205.61,205.34,208.03,SPDR S&P500,S_P_500
SPY,12/3/2015,208.83,204.75,209.15,205.61,160066100,209.62,205.87,204.86,SPDR S&P500,S_P_500
SPY,12/4/2015,205.61,205.61,209.97,209.62,182558300,208.35,201.79,200.02,SPDR S&P500,S_P_500
SPY,12/7/2015,209.23,207.2,209.73,208.35,99016100,206.95,202.9,201.67,SPDR S&P500,S_P_500
SPY,12/8/2015,206.49,205.78,208.29,206.95,100161600,205.34,205.03,203.5,SPDR S&P500,S_P_500
SPY,12/9/2015,206.19,204.18,208.68,205.34,158802900,205.87,208.03,206.02,SPDR S&P500,S_P_500
SPY,12/10/2015,205.42,205.14,207.43,205.87,115196800,201.79,204.86,205.68,SPDR S&P500,S_P_500
SPY,12/11/2015,203.35,201.51,204.14,201.79,204436800,202.9,200.02,205.21,SPDR S&P500,S_P_500
SPY,12/14/2015,202.07,199.95,203.05,202.9,176235400,205.03,201.67,207.4,SPDR S&P500,S_P_500
SPY,12/15/2015,204.7,202.87,206.11,205.03,150184600,208.03,203.5,205.93,SPDR S&P500,S_P_500
SPY,12/16/2015,206.37,204.8,208.39,208.03,193126700,204.86,206.02,203.87,SPDR S&P500,S_P_500
SPY,12/17/2015,208.4,204.84,208.48,204.86,165423000,200.02,205.68,201.02,SPDR S&P500,S_P_500
SPY,12/18/2015,202.77,199.83,202.93,200.02,240417500,201.67,205.21,201.36,SPDR S&P500,S_P_500
SPY,12/21/2015,201.41,200.09,201.88,201.67,96560200,203.5,207.4,198.82,SPDR S&P500,S_P_500
SPY,12/22/2015,202.72,201.55,203.85,203.5,103602200,206.02,205.93,194.05,SPDR S&P500,S_P_500
SPY,12/23/2015,204.69,204.58,206.07,206.02,106831400,205.68,203.87,191.92,SPDR S&P500,S_P_500
SPY,12/24/2015,205.72,205.42,206.33,205.68,48539600,205.21,201.02,192.11,SPDR S&P500,S_P_500
SPY,12/28/2015,204.86,203.94,205.26,205.21,64967100,207.4,201.36,193.66,SPDR S&P500,S_P_500
SPY,12/29/2015,206.51,206.47,207.79,207.4,88946500,205.93,198.82,188.83,SPDR S&P500,S_P_500
SPY,12/30/2015,207.11,205.76,207.21,205.93,60298900,203.87,194.05,191.93,SPDR S&P500,S_P_500
SPY,12/31/2015,205.13,203.87,205.89,203.87,102929500,201.02,191.92,187.81,SPDR S&P500,S_P_500
SPY,1/4/2016,200.49,198.59,201.03,201.02,213990200,201.36,192.11,188.06,SPDR S&P500,S_P_500
SPY,1/5/2016,201.4,200.05,201.9,201.36,105999900,198.82,193.66,185.65,SPDR S&P500,S_P_500
SPY,1/6/2016,198.34,197.6,200.06,198.82,142662900,194.05,188.83,186.69,SPDR S&P500,S_P_500
SPY,1/7/2016,195.33,193.59,197.44,194.05,207229000,191.92,191.93,190.52,SPDR S&P500,S_P_500
SPY,1/8/2016,194.05,191.58,195.85,191.92,196096900,192.11,187.81,187.64,SPDR S&P500,S_P_500
SPY,1/11/2016,193.01,189.82,193.41,192.11,185113200,193.66,188.06,190.2,SPDR S&P500,S_P_500
SPY,1/12/2016,193.82,191.14,194.55,193.66,166241300,188.83,185.65,188.13,SPDR S&P500,S_P_500
SPY,1/13/2016,194.45,188.38,194.86,188.83,214435100,191.93,186.69,189.11,SPDR S&P500,S_P_500
SPY,1/14/2016,189.55,187.66,193.26,191.93,230383300,187.81,190.52,193.72,SPDR S&P500,S_P_500
SPY,1/15/2016,186.77,185.52,188.76,187.81,314240200,188.06,187.64,193.65,SPDR S&P500,S_P_500
SPY,1/19/2016,189.96,186.2,190.11,188.06,190196000,185.65,190.2,190.16,SPDR S&P500,S_P_500
SPY,1/20/2016,185.03,181.02,187.5,185.65,280016900,186.69,188.13,191.3,SPDR S&P500,S_P_500
SPY,1/21/2016,186.21,184.64,188.87,186.69,189174000,190.52,189.11,191.6,SPDR S&P500,S_P_500
SPY,1/22/2016,189.78,188.88,190.76,190.52,163849600,187.64,193.72,187.95,SPDR S&P500,S_P_500
SPY,1/25/2016,189.92,187.41,190.15,187.64,122676200,190.2,193.65,185.42,SPDR S&P500,S_P_500
SPY,1/26/2016,188.42,188.02,190.53,190.2,137269900,188.13,190.16,185.43,SPDR S&P500,S_P_500
SPY,1/27/2016,189.58,187.06,191.56,188.13,181677100,189.11,191.3,185.27,SPDR S&P500,S_P_500
SPY,1/28/2016,189.96,187.16,190.2,189.11,139970600,193.72,191.6,182.86,SPDR S&P500,S_P_500
SPY,1/29/2016,190.02,189.88,193.88,193.72,195455400,193.65,187.95,186.63,SPDR S&P500,S_P_500
SPY,2/1/2016,192.53,191.84,194.58,193.65,130514800,190.16,185.42,189.78,SPDR S&P500,S_P_500
SPY,2/2/2016,191.96,189.54,191.97,190.16,172941200,191.3,185.43,192.88,SPDR S&P500,S_P_500
SPY,2/3/2016,191.41,187.1,191.78,191.3,203820400,191.6,185.27,192.09,SPDR S&P500,S_P_500
SPY,2/4/2016,190.71,189.96,192.75,191.6,136318100,187.95,182.86,192,SPDR S&P500,S_P_500
SPY,2/5/2016,190.99,187.2,191.67,187.95,172668500,185.42,186.63,194.78,SPDR S&P500,S_P_500
SPY,2/8/2016,185.77,182.8,186.12,185.42,185762900,185.43,189.78,192.32,SPDR S&P500,S_P_500
SPY,2/9/2016,183.36,183.2,186.94,185.43,176478700,185.27,192.88,193.2,SPDR S&P500,S_P_500
SPY,2/10/2016,186.41,185.12,188.34,185.27,145851100,182.86,192.09,195.54,SPDR S&P500,S_P_500
SPY,2/11/2016,182.34,181.09,184.1,182.86,210592800,186.63,192,195.09,SPDR S&P500,S_P_500
SPY,2/12/2016,184.96,183.96,186.65,186.63,124459300,189.78,194.78,193.35,SPDR S&P500,S_P_500
SPY,2/16/2016,188.77,187.63,189.81,189.78,112124300,192.88,192.32,198.11,SPDR S&P500,S_P_500
SPY,2/17/2016,191.16,191.01,193.32,192.88,131884500,192.09,193.2,199,SPDR S&P500,S_P_500
SPY,2/18/2016,193.2,191.72,193.27,192.09,98872300,192,195.54,199.78,SPDR S&P500,S_P_500
SPY,2/19/2016,191.17,190.45,192.18,192,111764300,194.78,195.09,200.43,SPDR S&P500,S_P_500
SPY,2/22/2016,193.87,193.79,194.95,194.78,99411500,192.32,193.35,200.59,SPDR S&P500,S_P_500
SPY,2/23/2016,194,192.18,194.32,192.32,104604800,193.2,198.11,198.4,SPDR S&P500,S_P_500
SPY,2/24/2016,192.32,189.32,193.53,193.2,148044600,195.54,199,199.38,SPDR S&P500,S_P_500
SPY,2/25/2016,193.73,192.83,195.55,195.54,107512400,195.09,199.78,199.54,SPDR S&P500,S_P_500
SPY,2/26/2016,196.57,194.9,196.68,195.09,122978000,193.35,200.43,202.76,SPDR S&P500,S_P_500
SPY,2/29/2016,195.11,193.33,196.23,193.35,116294300,198.11,200.59,202.5,SPDR S&P500,S_P_500
SPY,3/1/2016,195.01,194.45,198.21,198.11,137593000,199,198.4,202.17,SPDR S&P500,S_P_500
SPY,3/2/2016,197.74,197.25,199.06,199,96356000,199.78,199.38,203.34,SPDR S&P500,S_P_500
SPY,3/3/2016,198.79,198.11,199.8,199.78,94146200,200.43,199.54,204.63,SPDR S&P500,S_P_500
SPY,3/4/2016,200.01,199.03,201.35,200.43,125451100,200.59,202.76,204.38,SPDR S&P500,S_P_500
SPY,3/7/2016,199.34,199.25,201.07,200.59,95869500,198.4,202.5,204.67,SPDR S&P500,S_P_500
SPY,3/8/2016,199.32,198.21,199.92,198.4,121391000,199.38,202.17,204.56,SPDR S&P500,S_P_500
SPY,3/9/2016,199.36,198.43,199.79,199.38,88624500,199.54,203.34,203.21,SPDR S&P500,S_P_500
SPY,3/10/2016,199.96,197.38,201.07,199.54,153608200,202.76,204.63,203.12,SPDR S&P500,S_P_500
SPY,3/11/2016,201.26,199.52,202.81,202.76,127877000,202.5,204.38,203.24,SPDR S&P500,S_P_500
SPY,3/14/2016,202.16,201.77,203.04,202.5,73118200,202.17,204.67,205.12,SPDR S&P500,S_P_500
SPY,3/15/2016,201.36,201.05,202.53,202.17,89841500,203.34,204.56,206.02,SPDR S&P500,S_P_500
SPY,3/16/2016,201.6,201.55,203.82,203.34,121344800,204.63,203.21,205.52,SPDR S&P500,S_P_500
SPY,3/17/2016,203.24,202.77,205.23,204.63,123951300,204.38,203.12,206.92,SPDR S&P500,S_P_500
SPY,3/18/2016,204.17,203.8,204.78,204.38,128989700,204.67,203.24,206.2,SPDR S&P500,S_P_500
SPY,3/21/2016,204.07,203.8,204.94,204.67,69876600,204.56,205.12,204.19,SPDR S&P500,S_P_500
SPY,3/22/2016,203.76,203.57,205.23,204.56,95968300,203.21,206.02,206.42,SPDR S&P500,S_P_500
SPY,3/23/2016,204.11,203.01,204.33,203.21,79609200,203.12,205.52,203.95,SPDR S&P500,S_P_500
SPY,3/24/2016,202,201.74,203.16,203.12,79723800,203.24,206.92,204.5,SPDR S&P500,S_P_500
SPY,3/28/2016,203.61,202.71,203.86,203.24,61214100,205.12,206.2,204.02,SPDR S&P500,S_P_500
SPY,3/29/2016,202.76,202.4,205.25,205.12,90418600,206.02,204.19,205.92,SPDR S&P500,S_P_500
SPY,3/30/2016,206.3,205.59,206.87,206.02,82354400,205.52,206.42,208,SPDR S&P500,S_P_500
SPY,3/31/2016,205.91,205.33,206.41,205.52,87315600,206.92,203.95,208.01,SPDR S&P500,S_P_500
SPY,4/1/2016,204.35,203.98,207.14,206.92,110080400,206.2,204.5,207.78,SPDR S&P500,S_P_500
SPY,4/4/2016,206.78,205.84,207.02,206.2,62658900,204.19,204.02,209.24,SPDR S&P500,S_P_500
SPY,4/5/2016,204.67,203.89,206.26,204.19,89387200,206.42,205.92,209.9,SPDR S&P500,S_P_500
SPY,4/6/2016,204.19,203.98,206.49,206.42,89889800,203.95,208,210.1,SPDR S&P500,S_P_500
SPY,4/7/2016,206.42,203.09,206.42,203.95,109295100,204.5,208.01,208.97,SPDR S&P500,S_P_500
SPY,4/8/2016,205.34,203.87,205.85,204.5,92431200,204.02,207.78,208.97,SPDR S&P500,S_P_500
SPY,4/11/2016,205.25,203.91,206.07,204.02,80719200,205.92,209.24,208.61,SPDR S&P500,S_P_500
SPY,4/12/2016,204.22,203.7,206.25,205.92,110162100,208,209.9,208.92,SPDR S&P500,S_P_500
SPY,4/13/2016,207,206.84,208.1,208,92452500,208.01,210.1,209.35,SPDR S&P500,S_P_500
SPY,4/14/2016,208.07,207.6,208.6,208.01,60422700,207.78,208.97,207.45,SPDR S&P500,S_P_500
SPY,4/15/2016,208.01,207.4,208.17,207.78,73521600,209.24,208.97,206.33,SPDR S&P500,S_P_500
SPY,4/18/2016,207.78,207,209.28,209.24,75277700,209.9,208.61,207.97,SPDR S&P500,S_P_500
SPY,4/19/2016,209.74,208.94,210.2,209.9,85426300,210.1,208.92,206.16,SPDR S&P500,S_P_500
SPY,4/20/2016,209.95,209.39,210.92,210.1,74193000,208.97,209.35,205.01,SPDR S&P500,S_P_500
SPY,4/21/2016,210.12,208.65,210.25,208.97,78195500,208.97,207.45,204.97,SPDR S&P500,S_P_500
SPY,4/22/2016,208.55,207.91,209.29,208.97,90936000,208.61,206.33,205.72,SPDR S&P500,S_P_500
SPY,4/25/2016,208.26,207.54,208.66,208.61,61251800,208.92,207.97,205.89,SPDR S&P500,S_P_500
SPY,4/26/2016,209.04,208.36,209.52,208.92,72386200,209.35,206.16,208.45,SPDR S&P500,S_P_500
SPY,4/27/2016,208.47,208.05,209.81,209.35,72940400,207.45,205.01,206.5,SPDR S&P500,S_P_500
SPY,4/28/2016,208.46,206.96,209.76,207.45,92734800,206.33,204.97,206.56,SPDR S&P500,S_P_500
SPY,4/29/2016,206.72,205.03,207.13,206.33,133314400,207.97,205.72,204.76,SPDR S&P500,S_P_500
SPY,5/2/2016,206.92,206.41,208.18,207.97,60877500,206.16,205.89,206.78,SPDR S&P500,S_P_500
SPY,5/3/2016,206.52,205.28,206.8,206.16,101267500,205.01,208.45,204.85,SPDR S&P500,S_P_500
SPY,5/4/2016,204.99,204.42,205.85,205.01,88385200,204.97,206.5,204.91,SPDR S&P500,S_P_500
SPY,5/5/2016,205.56,204.47,205.98,204.97,65635100,205.72,206.56,204.2,SPDR S&P500,S_P_500
SPY,5/6/2016,204.06,203.88,205.77,205.72,83784900,205.89,204.76,205.49,SPDR S&P500,S_P_500
SPY,5/9/2016,205.57,205.36,206.4,205.89,68187900,208.45,206.78,205.21,SPDR S&P500,S_P_500
SPY,5/10/2016,206.72,206.64,208.47,208.45,74236100,206.5,204.85,207.87,SPDR S&P500,S_P_500
SPY,5/11/2016,207.91,206.5,208.54,206.5,77749700,206.56,204.91,209.28,SPDR S&P500,S_P_500
SPY,5/12/2016,207.29,205.37,207.49,206.56,88260800,204.76,204.2,209.34,SPDR S&P500,S_P_500
SPY,5/13/2016,206.21,204.38,206.86,204.76,94791100,206.78,205.49,210.24,SPDR S&P500,S_P_500
SPY,5/16/2016,204.96,204.89,207.34,206.78,75737300,204.85,205.21,209.84,SPDR S&P500,S_P_500
SPY,5/17/2016,206.46,204.23,206.8,204.85,109782900,204.91,207.87,210.27,SPDR S&P500,S_P_500
SPY,5/18/2016,204.44,203.63,206.3,204.91,120062100,204.2,209.28,210.91,SPDR S&P500,S_P_500
SPY,5/19/2016,204.06,202.78,204.54,204.2,114063200,205.49,209.34,210.28,SPDR S&P500,S_P_500
SPY,5/20/2016,204.92,204.86,206.1,205.49,102475000,205.21,210.24,211.35,SPDR S&P500,S_P_500
SPY,5/23/2016,205.51,204.99,205.84,205.21,58117700,207.87,209.84,211.68,SPDR S&P500,S_P_500
SPY,5/24/2016,206.17,206.14,208.24,207.87,89376100,209.28,210.27,212.37,SPDR S&P500,S_P_500
SPY,5/25/2016,208.67,207.87,209.77,209.28,76621400,209.34,210.91,212.08,SPDR S&P500,S_P_500
SPY,5/26/2016,209.44,208.97,209.71,209.34,53087800,210.24,210.28,210.07,SPDR S&P500,S_P_500
SPY,5/27/2016,209.53,209.47,210.25,210.24,59329000,209.84,211.35,208.45,SPDR S&P500,S_P_500
SPY,5/31/2016,210.56,209.18,210.69,209.84,103107400,210.27,211.68,208.04,SPDR S&P500,S_P_500
SPY,6/1/2016,209.12,208.89,210.48,210.27,67662100,210.91,212.37,207.75,SPDR S&P500,S_P_500
SPY,6/2/2016,209.8,209.24,210.93,210.91,60661400,210.28,212.08,208.37,SPDR S&P500,S_P_500
SPY,6/3/2016,210.25,208.86,210.69,210.28,98454600,211.35,210.07,206.52,SPDR S&P500,S_P_500
SPY,6/6/2016,210.7,210.51,211.77,211.35,61701000,211.68,208.45,207.85,SPDR S&P500,S_P_500
SPY,6/7/2016,211.53,211.5,212.34,211.68,55421700,212.37,208.04,208.44,SPDR S&P500,S_P_500
SPY,6/8/2016,211.84,211.69,212.52,212.37,61279400,212.08,207.75,208.1,SPDR S&P500,S_P_500
SPY,6/9/2016,211.51,211.19,212.22,212.08,72016200,210.07,208.37,210.81,SPDR S&P500,S_P_500
SPY,6/10/2016,210.46,209.43,210.86,210.07,107882800,208.45,206.52,203.24,SPDR S&P500,S_P_500
SPY,6/13/2016,209.36,208.35,210.37,208.45,105747600,208.04,207.85,199.6,SPDR S&P500,S_P_500
SPY,6/14/2016,208,206.92,208.74,208.04,119823900,207.75,208.44,203.2,SPDR S&P500,S_P_500
SPY,6/15/2016,208.04,207.53,209.36,207.75,100188400,208.37,208.1,206.66,SPDR S&P500,S_P_500
SPY,6/16/2016,207.75,205.59,208.57,208.37,146179200,206.52,210.81,209.48,SPDR S&P500,S_P_500
SPY,6/17/2016,207.17,205.75,207.2,206.52,113696000,207.85,203.24,209.92,SPDR S&P500,S_P_500
SPY,6/20/2016,208.82,207.75,209.61,207.85,79099800,208.44,199.6,208.41,SPDR S&P500,S_P_500
SPY,6/21/2016,208.3,207.78,208.92,208.44,71467800,208.1,203.2,209.66,SPDR S&P500,S_P_500
SPY,6/22/2016,208.65,207.93,209.5,208.1,92772800,210.81,206.66,209.53,SPDR S&P500,S_P_500
SPY,6/23/2016,209.81,209.27,210.87,210.81,95992100,203.24,209.48,212.65,SPDR S&P500,S_P_500
SPY,6/24/2016,203.63,202.72,210.85,203.24,320477000,199.6,209.92,213.4,SPDR S&P500,S_P_500
SPY,6/27/2016,201.59,198.65,201.6,199.6,230775800,203.2,208.41,214.95,SPDR S&P500,S_P_500
SPY,6/28/2016,201.48,201.12,203.23,203.2,155055600,206.66,209.66,214.92,SPDR S&P500,S_P_500
SPY,6/29/2016,204.84,204.72,206.93,206.66,131475800,209.48,209.53,216.12,SPDR S&P500,S_P_500
SPY,6/30/2016,207.21,206.56,209.54,209.48,153117800,209.92,212.65,215.83,SPDR S&P500,S_P_500
SPY,7/1/2016,209.48,209.29,210.49,209.92,97930200,208.41,213.4,216.41,SPDR S&P500,S_P_500
SPY,7/5/2016,208.95,207.71,209.08,208.41,107621700,209.66,214.95,216.19,SPDR S&P500,S_P_500
SPY,7/6/2016,207.83,207.06,209.8,209.66,93535500,209.53,214.92,217.09,SPDR S&P500,S_P_500
SPY,7/7/2016,209.87,208.63,210.65,209.53,81705800,212.65,216.12,216.27,SPDR S&P500,S_P_500
SPY,7/8/2016,211.05,210.78,212.94,212.65,127622100,213.4,215.83,217.24,SPDR S&P500,S_P_500
SPY,7/11/2016,213.19,212.95,214.07,213.4,71362700,214.95,216.41,216.65,SPDR S&P500,S_P_500
SPY,7/12/2016,214.53,213.35,215.3,214.95,95036400,214.92,216.19,216.75,SPDR S&P500,S_P_500
SPY,7/13/2016,215.44,214.35,215.45,214.92,84375200,216.12,217.09,216.52,SPDR S&P500,S_P_500
SPY,7/14/2016,216.4,215.66,216.67,216.12,88895600,215.83,216.27,216.77,SPDR S&P500,S_P_500
SPY,7/15/2016,216.78,215.31,217.01,215.83,97195600,216.41,217.24,217.12,SPDR S&P500,S_P_500
SPY,7/18/2016,215.97,215.67,216.6,216.41,54254300,216.19,216.65,216.94,SPDR S&P500,S_P_500
SPY,7/19/2016,215.92,215.63,216.23,216.19,47796400,217.09,216.75,215.55,SPDR S&P500,S_P_500
SPY,7/20/2016,216.19,216.19,217.37,217.09,56420100,216.27,216.52,216.18,SPDR S&P500,S_P_500
SPY,7/21/2016,216.96,215.75,217.22,216.27,66070000,217.24,216.77,216.41,SPDR S&P500,S_P_500
SPY,7/22/2016,216.41,216.1,217.3,217.24,58285700,216.65,217.12,218.18,SPDR S&P500,S_P_500
SPY,7/25/2016,217,215.97,217.06,216.65,54906800,216.75,216.94,218.05,SPDR S&P500,S_P_500
SPY,7/26/2016,216.53,215.76,217.17,216.75,68508100,216.52,215.55,218.18,SPDR S&P500,S_P_500
SPY,7/27/2016,217.19,215.62,217.27,216.52,80870400,216.77,216.18,217.64,SPDR S&P500,S_P_500
SPY,7/28/2016,216.29,215.75,217.11,216.77,63232400,217.12,216.41,218.65,SPDR S&P500,S_P_500
SPY,7/29/2016,216.46,216.13,217.54,217.12,77757800,216.94,218.18,218.46,SPDR S&P500,S_P_500
SPY,8/1/2016,217.19,216.41,217.65,216.94,69883500,215.55,218.05,219.09,SPDR S&P500,S_P_500
SPY,8/2/2016,216.65,214.57,216.83,215.55,90496500,216.18,218.18,217.96,SPDR S&P500,S_P_500
SPY,8/3/2016,215.48,215.13,216.25,216.18,49947700,216.41,217.64,218.37,SPDR S&P500,S_P_500
SPY,8/4/2016,216.31,214.25,216.78,216.41,44476100,218.18,218.65,218.86,SPDR S&P500,S_P_500
SPY,8/5/2016,216.41,216.41,218.23,218.18,69464500,218.05,218.46,218.54,SPDR S&P500,S_P_500
SPY,8/8/2016,218.4,217.74,218.52,218.05,38618500,218.18,219.09,218.53,SPDR S&P500,S_P_500
SPY,8/9/2016,218.13,217.8,218.76,218.18,50425900,217.64,217.96,218.97,SPDR S&P500,S_P_500
SPY,8/10/2016,218.31,217.23,218.4,217.64,55929100,218.65,218.37,217.85,SPDR S&P500,S_P_500
SPY,8/11/2016,218.26,217.95,218.94,218.65,68960100,218.46,218.86,217.7,SPDR S&P500,S_P_500
SPY,8/12/2016,218.29,217.99,218.71,218.46,53236000,219.09,218.54,217.29,SPDR S&P500,S_P_500
SPY,8/15/2016,218.89,218.88,219.5,219.09,48633000,217.96,218.53,218.36,SPDR S&P500,S_P_500
SPY,8/16/2016,218.6,217.96,218.68,217.96,51657600,218.37,218.97,218,SPDR S&P500,S_P_500
SPY,8/17/2016,218,217.02,218.53,218.37,72651900,218.86,217.85,217.38,SPDR S&P500,S_P_500
SPY,8/18/2016,218.34,218.21,218.9,218.86,51401200,218.54,217.7,217.39,SPDR S&P500,S_P_500
SPY,8/19/2016,218.31,217.74,218.75,218.54,73419000,218.53,217.29,218.37,SPDR S&P500,S_P_500
SPY,8/22/2016,218.26,217.83,218.8,218.53,60068900,218.97,218.36,219.03,SPDR S&P500,S_P_500
SPY,8/23/2016,219.25,218.9,219.6,218.97,52090400,217.85,218,219.01,SPDR S&P500,S_P_500
SPY,8/24/2016,218.8,217.36,218.91,217.85,68974600,217.7,217.38,218.51,SPDR S&P500,S_P_500
SPY,8/25/2016,217.4,217.22,218.19,217.7,67402200,217.29,217.39,213.28,SPDR S&P500,S_P_500
SPY,8/26/2016,217.92,216.25,219.12,217.29,118763000,218.36,218.37,216.34,SPDR S&P500,S_P_500
SPY,8/29/2016,217.44,217.4,218.67,218.36,68606100,218,219.03,213.23,SPDR S&P500,S_P_500
SPY,8/30/2016,218.26,217.35,218.59,218,54747800,217.38,219.01,213.15,SPDR S&P500,S_P_500
SPY,8/31/2016,217.61,216.47,217.75,217.38,82959600,217.39,218.51,215.28,SPDR S&P500,S_P_500
SPY,9/1/2016,217.37,216.03,217.73,217.39,93859000,218.37,213.28,213.37,SPDR S&P500,S_P_500
SPY,9/2/2016,218.39,217.7,218.87,218.37,78246400,219.03,216.34,213.41,SPDR S&P500,S_P_500
SPY,9/6/2016,218.7,217.86,219.12,219.03,51578700,219.01,213.23,213.42,SPDR S&P500,S_P_500
SPY,9/7/2016,218.84,218.3,219.22,219.01,75326100,218.51,213.15,215.82,SPDR S&P500,S_P_500
SPY,9/8/2016,218.62,218.15,218.94,218.51,73011600,213.28,215.28,217.18,SPDR S&P500,S_P_500
SPY,9/9/2016,216.97,213.25,217.03,213.28,208869100,216.34,213.37,215.99,SPDR S&P500,S_P_500
SPY,9/12/2016,212.39,212.31,216.81,216.34,166950600,213.23,213.41,214.24,SPDR S&P500,S_P_500
SPY,9/13/2016,214.84,212.5,215.15,213.23,175495900,213.15,213.42,215.57,SPDR S&P500,S_P_500
SPY,9/14/2016,213.29,212.5,214.7,213.15,129679000,215.28,215.82,216.64,SPDR S&P500,S_P_500
SPY,9/15/2016,212.96,212.75,215.73,215.28,134427900,213.37,217.18,214.68,SPDR S&P500,S_P_500
SPY,9/16/2016,213.48,212.57,213.69,213.37,149586200,213.41,215.99,216.3,SPDR S&P500,S_P_500
SPY,9/19/2016,214.13,213.03,214.88,213.41,78968600,213.42,214.24,215.78,SPDR S&P500,S_P_500
SPY,9/20/2016,214.41,213.38,214.59,213.42,67066000,215.82,215.57,214.68,SPDR S&P500,S_P_500
SPY,9/21/2016,214.24,213.44,216.03,215.82,108635400,217.18,216.64,215.63,SPDR S&P500,S_P_500
SPY,9/22/2016,217,216.71,217.53,217.18,75850600,215.99,214.68,215.78,SPDR S&P500,S_P_500
SPY,9/23/2016,216.72,215.88,216.88,215.99,70613200,214.24,216.3,215.04,SPDR S&P500,S_P_500
SPY,9/26/2016,215.02,214.01,215.23,214.24,87058900,215.57,215.78,216.16,SPDR S&P500,S_P_500
SPY,9/27/2016,214.05,213.62,215.68,215.57,73331900,216.64,214.68,213.43,SPDR S&P500,S_P_500
SPY,9/28/2016,215.83,214.71,216.82,216.64,85861600,214.68,215.63,213.71,SPDR S&P500,S_P_500
SPY,9/29/2016,216.4,214.04,216.87,214.68,123060900,216.3,215.78,213.01,SPDR S&P500,S_P_500
SPY,9/30/2016,215.65,215.36,217.12,216.3,105334000,215.78,215.04,213.12,SPDR S&P500,S_P_500
SPY,10/3/2016,215.82,215.04,216.04,215.78,82635100,214.68,216.16,212.38,SPDR S&P500,S_P_500
SPY,10/4/2016,215.91,213.99,216.17,214.68,118337200,215.63,213.43,213.71,SPDR S&P500,S_P_500
SPY,10/5/2016,215.41,215.33,216.13,215.63,71410400,215.78,213.71,214.28,SPDR S&P500,S_P_500
SPY,10/6/2016,215.37,214.74,216.04,215.78,61301000,215.04,213.01,213.88,SPDR S&P500,S_P_500
SPY,10/7/2016,216.1,214.19,216.3,215.04,88510700,216.16,213.12,213.98,SPDR S&P500,S_P_500
SPY,10/10/2016,216.16,215.99,216.7,216.16,50602600,213.43,212.38,214.89,SPDR S&P500,S_P_500
SPY,10/11/2016,215.66,212.58,215.74,213.43,127220400,213.71,213.71,214.17,SPDR S&P500,S_P_500
SPY,10/12/2016,213.59,213.01,214.32,213.71,72233000,213.01,214.28,213.74,SPDR S&P500,S_P_500
SPY,10/13/2016,212.16,211.21,213.59,213.01,99120600,213.12,213.88,213.17,SPDR S&P500,S_P_500
SPY,10/14/2016,214.15,213.03,214.69,213.12,88715300,212.38,213.98,212.54,SPDR S&P500,S_P_500
SPY,10/17/2016,213.09,212.17,213.39,212.38,57142800,213.71,214.89,212.55,SPDR S&P500,S_P_500
SPY,10/18/2016,214.24,213.27,214.31,213.71,74250300,214.28,214.17,211.01,SPDR S&P500,S_P_500
SPY,10/19/2016,214.02,213.6,214.64,214.28,64360800,213.88,213.74,209.74,SPDR S&P500,S_P_500
SPY,10/20/2016,213.87,213.11,214.53,213.88,72039900,213.98,213.17,208.78,SPDR S&P500,S_P_500
SPY,10/21/2016,213.88,212.76,214.08,213.98,86471900,214.89,212.54,208.55,SPDR S&P500,S_P_500
SPY,10/24/2016,215,214.48,215.32,214.89,58068900,214.17,212.55,213.15,SPDR S&P500,S_P_500
SPY,10/25/2016,214.68,213.98,214.98,214.17,63282500,213.74,211.01,214.11,SPDR S&P500,S_P_500
SPY,10/26/2016,213.21,212.93,214.42,213.74,74249200,213.17,209.74,216.38,SPDR S&P500,S_P_500
SPY,10/27/2016,214.58,213.08,214.62,213.17,75369700,212.54,208.78,216.92,SPDR S&P500,S_P_500
SPY,10/28/2016,213.14,211.71,213.93,212.54,137514400,212.55,208.55,216.42,SPDR S&P500,S_P_500
SPY,10/31/2016,212.93,212.36,213.19,212.55,58885500,211.01,213.15,216.59,SPDR S&P500,S_P_500
SPY,11/1/2016,212.93,209.6,212.99,211.01,118371900,209.74,214.11,218.28,SPDR S&P500,S_P_500
SPY,11/2/2016,210.65,209.23,211.1,209.74,100108800,208.78,216.38,217.87,SPDR S&P500,S_P_500
SPY,11/3/2016,209.99,208.46,210.24,208.78,87730900,208.55,216.92,218.99,SPDR S&P500,S_P_500
SPY,11/4/2016,208.91,208.38,209.89,208.55,102681600,213.15,216.42,218.5,SPDR S&P500,S_P_500
SPY,11/7/2016,211.45,211.3,213.19,213.15,109794861,214.11,216.59,220.15,SPDR S&P500,S_P_500
SPY,11/8/2016,212.69,212.38,214.77,214.11,102268300,216.38,218.28,220.58,SPDR S&P500,S_P_500
SPY,11/9/2016,212.37,212.34,217.1,216.38,249096400,216.92,217.87,220.7,SPDR S&P500,S_P_500
SPY,11/10/2016,217.3,215.22,218.31,216.92,171986200,216.42,218.99,221.52,SPDR S&P500,S_P_500
SPY,11/11/2016,216.08,215.32,216.7,216.42,93847200,216.59,218.5,220.48,SPDR S&P500,S_P_500
SPY,11/14/2016,217.03,215.72,217.27,216.59,91861000,218.28,220.15,220.91,SPDR S&P500,S_P_500
SPY,11/15/2016,217.04,216.8,218.28,218.28,86402800,217.87,220.58,220.38,SPDR S&P500,S_P_500
SPY,11/16/2016,217.56,217.42,218.14,217.87,64761400,218.99,220.7,219.57,SPDR S&P500,S_P_500
SPY,11/17/2016,218.05,217.92,219.06,218.99,67199200,218.5,221.52,219.68,SPDR S&P500,S_P_500
SPY,11/18/2016,219.07,218.29,219.27,218.5,83409700,220.15,220.48,221,SPDR S&P500,S_P_500
SPY,11/21/2016,219.17,219,220.18,220.15,69429200,220.58,220.91,221.7,SPDR S&P500,S_P_500
SPY,11/22/2016,220.51,219.73,220.79,220.58,65338600,220.7,220.38,224.6,SPDR S&P500,S_P_500
SPY,11/23/2016,219.98,219.75,220.76,220.7,54690100,221.52,219.57,225.15,SPDR S&P500,S_P_500
SPY,11/25/2016,221.1,221.01,221.56,221.52,37861800,220.48,219.68,226.51,SPDR S&P500,S_P_500
SPY,11/28/2016,221.16,220.36,221.48,220.48,70284100,220.91,221,226.25,SPDR S&P500,S_P_500
SPY,11/29/2016,220.52,220.17,221.44,220.91,67079400,220.38,221.7,227.76,SPDR S&P500,S_P_500
SPY,11/30/2016,221.63,220.31,221.82,220.38,99783700,219.57,224.6,225.88,SPDR S&P500,S_P_500
SPY,12/1/2016,220.73,219.15,220.73,219.57,77230500,219.68,225.15,226.81,SPDR S&P500,S_P_500
SPY,12/2/2016,219.67,219.26,220.25,219.68,70863400,221,226.51,225.04,SPDR S&P500,S_P_500
SPY,12/5/2016,220.65,220.42,221.4,221,65431900,221.7,226.25,225.53,SPDR S&P500,S_P_500
SPY,12/6/2016,221.22,220.66,221.74,221.7,57526300,224.6,227.76,226.4,SPDR S&P500,S_P_500
SPY,12/7/2016,221.52,221.38,224.67,224.6,104873600,225.15,225.88,225.77,SPDR S&P500,S_P_500
SPY,12/8/2016,224.57,224.26,225.7,225.15,90856300,226.51,226.81,225.38,SPDR S&P500,S_P_500
SPY,12/9/2016,225.41,225.37,226.53,226.51,80848700,226.25,225.04,225.71,SPDR S&P500,S_P_500
SPY,12/12/2016,226.4,225.76,226.96,226.25,88085800,227.76,225.53,226.27,SPDR S&P500,S_P_500
SPY,12/13/2016,227.02,227,228.34,227.76,103203100,225.88,226.4,224.4,SPDR S&P500,S_P_500
SPY,12/14/2016,227.41,225.37,228.23,225.88,137366900,226.81,225.77,224.35,SPDR S&P500,S_P_500
SPY,12/15/2016,226.16,225.89,227.81,226.81,118566900,225.04,225.38,223.53,SPDR S&P500,S_P_500
SPY,12/16/2016,226.01,224.67,226.08,225.04,144174300,225.53,225.71,225.24,SPDR S&P500,S_P_500
SPY,12/19/2016,225.25,225.08,226.02,225.53,86815900,226.4,226.27,226.58,SPDR S&P500,S_P_500
SPY,12/20/2016,226.15,225.88,226.57,226.4,85886100,225.77,224.4,226.4,SPDR S&P500,S_P_500
SPY,12/21/2016,226.25,225.77,226.45,225.77,60587100,225.38,224.35,227.21,SPDR S&P500,S_P_500
SPY,12/22/2016,225.6,224.92,225.74,225.38,52567100,225.71,223.53,226.46,SPDR S&P500,S_P_500
SPY,12/23/2016,225.43,225.21,225.72,225.71,36251400,226.27,225.24,226.46,SPDR S&P500,S_P_500
SPY,12/27/2016,226.02,226,226.73,226.27,41054400,224.4,226.58,227.1,SPDR S&P500,S_P_500
SPY,12/28/2016,226.57,224.27,226.59,224.4,59776300,224.35,226.4,226.53,SPDR S&P500,S_P_500
SPY,12/29/2016,224.48,223.84,224.89,224.35,47719500,223.53,227.21,227.05,SPDR S&P500,S_P_500
SPY,12/30/2016,224.73,222.73,224.83,223.53,101301800,225.24,226.46,226.25,SPDR S&P500,S_P_500
SPY,1/3/2017,225.04,223.88,225.83,225.24,89895000,226.58,226.46,226.75,SPDR S&P500,S_P_500
SPY,1/4/2017,225.24,225.24,226.75,226.58,75801800,226.4,227.1,225.91,SPDR S&P500,S_P_500
SPY,1/5/2017,226.27,225.48,226.58,226.4,77145900,227.21,226.53,226.74,SPDR S&P500,S_P_500
SPY,1/6/2017,226.53,225.9,227.75,227.21,69536300,226.46,227.05,226.15,SPDR S&P500,S_P_500
SPY,1/9/2017,226.91,226.42,227.07,226.46,46265300,226.46,226.25,227.6,SPDR S&P500,S_P_500
SPY,1/10/2017,226.48,226.01,227.45,226.46,61045000,227.1,226.75,229.57,SPDR S&P500,S_P_500
SPY,1/11/2017,226.36,225.59,227.1,227.1,71423200,226.53,225.91,229.33,SPDR S&P500,S_P_500
SPY,1/12/2017,226.5,224.96,226.75,226.53,70354400,227.05,226.74,228.97,SPDR S&P500,S_P_500
SPY,1/13/2017,226.73,226.69,227.4,227.05,61907200,226.25,226.15,227.55,SPDR S&P500,S_P_500
SPY,1/17/2017,226.31,225.8,226.78,226.25,59261200,226.75,227.6,227.53,SPDR S&P500,S_P_500
SPY,1/18/2017,226.54,225.9,226.8,226.75,51146400,225.91,229.57,227.62,SPDR S&P500,S_P_500
SPY,1/19/2017,226.84,225.41,227,225.91,65357500,226.74,229.33,227.77,SPDR S&P500,S_P_500
SPY,1/20/2017,226.7,225.97,227.31,226.74,116431700,226.15,228.97,229.34,SPDR S&P500,S_P_500
SPY,1/23/2017,226.74,225.27,226.81,226.15,72331900,227.6,227.55,228.93,SPDR S&P500,S_P_500
SPY,1/24/2017,226.4,226.27,228.08,227.6,89144800,229.57,227.53,228.94,SPDR S&P500,S_P_500
SPY,1/25/2017,228.7,228.51,229.57,229.57,80932500,229.33,227.62,229.24,SPDR S&P500,S_P_500
SPY,1/26/2017,229.4,229.01,229.71,229.33,58208000,228.97,227.77,230.6,SPDR S&P500,S_P_500
SPY,1/27/2017,229.42,228.76,229.59,228.97,56311600,227.55,229.34,231.51,SPDR S&P500,S_P_500
SPY,1/30/2017,228.17,226.41,228.2,227.55,74930800,227.53,228.93,232.77,SPDR S&P500,S_P_500
SPY,1/31/2017,226.98,226.32,227.6,227.53,71553600,227.62,228.94,233.7,SPDR S&P500,S_P_500
SPY,2/1/2017,227.53,226.94,228.59,227.62,74366500,227.77,229.24,234.92,SPDR S&P500,S_P_500
SPY,2/2/2017,227.62,226.82,228.1,227.77,67943600,229.34,230.6,234.72,SPDR S&P500,S_P_500
SPY,2/3/2017,228.82,228.46,229.55,229.34,78056400,228.93,231.51,235.09,SPDR S&P500,S_P_500
SPY,2/6/2017,228.87,228.54,229.33,228.93,56153300,228.94,232.77,236.49,SPDR S&P500,S_P_500
SPY,2/7/2017,229.38,228.72,229.66,228.94,54614900,229.24,233.7,236.28,SPDR S&P500,S_P_500
SPY,2/8/2017,228.94,228.31,229.39,229.24,50235200,230.6,234.92,236.44,SPDR S&P500,S_P_500
SPY,2/9/2017,229.24,229.24,230.95,230.6,63353200,231.51,234.72,236.74,SPDR S&P500,S_P_500
SPY,2/10/2017,231,230.62,231.77,231.51,63630300,232.77,235.09,237.11,SPDR S&P500,S_P_500
SPY,2/13/2017,232.08,232.05,233.07,232.77,53275200,233.7,236.49,236.47,SPDR S&P500,S_P_500
SPY,2/14/2017,232.56,232.16,233.71,233.7,67794500,234.92,236.28,239.78,SPDR S&P500,S_P_500
SPY,2/15/2017,233.45,233.39,235.14,234.92,80150800,234.72,236.44,238.27,SPDR S&P500,S_P_500
SPY,2/16/2017,234.95,233.85,235.16,234.72,81062900,235.09,236.74,238.42,SPDR S&P500,S_P_500
SPY,2/17/2017,233.95,233.93,235.09,235.09,70077600,236.49,237.11,237.71,SPDR S&P500,S_P_500
SPY,2/21/2017,235.52,235.51,236.69,236.49,77150800,236.28,236.47,237,SPDR S&P500,S_P_500
SPY,2/22/2017,236.02,235.83,236.54,236.28,59227500,236.44,239.78,236.56,SPDR S&P500,S_P_500
SPY,2/23/2017,236.88,235.56,236.9,236.44,70424700,236.74,238.27,236.86,SPDR S&P500,S_P_500
SPY,2/24/2017,235.46,235.41,236.79,236.74,77141500,237.11,238.42,237.69,SPDR S&P500,S_P_500
SPY,2/27/2017,236.64,236.35,237.31,237.11,51496800,236.47,237.71,237.81,SPDR S&P500,S_P_500
SPY,2/28/2017,236.67,236.02,236.95,236.47,74571700,239.78,237,236.9,SPDR S&P500,S_P_500
SPY,3/1/2017,238.39,238.37,240.32,239.78,126589300,238.27,236.56,238.95,SPDR S&P500,S_P_500
SPY,3/2/2017,239.56,238.21,239.57,238.27,68591300,238.42,236.86,238.48,SPDR S&P500,S_P_500
SPY,3/3/2017,238.17,237.73,238.61,238.42,66650800,237.71,237.69,237.03,SPDR S&P500,S_P_500
SPY,3/6/2017,237.5,237.01,238.12,237.71,53185500,237,237.81,236.77,SPDR S&P500,S_P_500
SPY,3/7/2017,237.36,236.76,237.77,237,57815200,236.56,236.9,233.73,SPDR S&P500,S_P_500
SPY,3/8/2017,237.34,236.4,237.64,236.56,68351800,236.86,238.95,234.28,SPDR S&P500,S_P_500
SPY,3/9/2017,236.7,235.74,237.24,236.86,85680100,237.69,238.48,234.03,SPDR S&P500,S_P_500
SPY,3/10/2017,237.97,236.59,238.02,237.69,75343300,237.81,237.03,233.86,SPDR S&P500,S_P_500
SPY,3/13/2017,237.62,237.24,237.86,237.81,51882900,236.9,236.77,233.62,SPDR S&P500,S_P_500
SPY,3/14/2017,237.18,236.19,237.24,236.9,56386800,238.95,233.73,235.32,SPDR S&P500,S_P_500
SPY,3/15/2017,237.56,237.29,239.44,238.95,87248800,238.48,234.28,235.54,SPDR S&P500,S_P_500
SPY,3/16/2017,239.11,238.1,239.2,238.48,75332300,237.03,234.03,236.29,SPDR S&P500,S_P_500
SPY,3/17/2017,237.75,237.03,237.97,237.03,76807000,236.77,233.86,235.74,SPDR S&P500,S_P_500
SPY,3/20/2017,237.03,236.32,237.36,236.77,50565600,233.73,233.62,235.33,SPDR S&P500,S_P_500
SPY,3/21/2017,237.47,233.58,237.61,233.73,125089200,234.28,235.32,235.48,SPDR S&P500,S_P_500
SPY,3/22/2017,233.77,233.05,234.61,234.28,91066200,234.03,235.54,234.78,SPDR S&P500,S_P_500
SPY,3/23/2017,234.28,233.6,235.34,234.03,97552400,233.86,236.29,235.44,SPDR S&P500,S_P_500
SPY,3/24/2017,234.38,232.96,235.04,233.86,107532300,233.62,235.74,235.2,SPDR S&P500,S_P_500
SPY,3/27/2017,231.93,231.61,233.92,233.62,86296100,235.32,235.33,235.34,SPDR S&P500,S_P_500
SPY,3/28/2017,233.27,233.14,235.81,235.32,86120900,235.54,235.48,235.06,SPDR S&P500,S_P_500
SPY,3/29/2017,234.99,234.73,235.81,235.54,53156500,236.29,234.78,234.03,SPDR S&P500,S_P_500
SPY,3/30/2017,235.47,235.27,236.52,236.29,54570700,235.74,235.44,232.51,SPDR S&P500,S_P_500
SPY,3/31/2017,235.9,235.68,236.51,235.74,66587900,235.33,235.2,234.57,SPDR S&P500,S_P_500
SPY,4/3/2017,235.8,233.91,236.03,235.33,82252100,235.48,235.34,233.87,SPDR S&P500,S_P_500
SPY,4/4/2017,235,234.56,235.58,235.48,51909900,234.78,235.06,233.44,SPDR S&P500,S_P_500
SPY,4/5/2017,236.26,234.54,237.39,234.78,103725600,235.44,234.03,235.34,SPDR S&P500,S_P_500
SPY,4/6/2017,234.94,234.43,236.04,235.44,65415700,235.2,232.51,234.59,SPDR S&P500,S_P_500
SPY,4/7/2017,235.15,234.64,236,235.2,69005100,235.34,234.57,237.17,SPDR S&P500,S_P_500
SPY,4/10/2017,235.36,234.73,236.26,235.34,63420300,235.06,233.87,238.55,SPDR S&P500,S_P_500
SPY,4/11/2017,234.9,233.34,235.18,235.06,85727700,234.03,233.44,238.4,SPDR S&P500,S_P_500
SPY,4/12/2017,234.74,233.77,234.96,234.03,76322100,232.51,235.34,238.6,SPDR S&P500,S_P_500
SPY,4/13/2017,233.64,232.51,234.49,232.51,83019800,234.57,234.59,238.08,SPDR S&P500,S_P_500
SPY,4/17/2017,233.11,232.88,234.57,234.57,63559500,233.87,237.17,238.68,SPDR S&P500,S_P_500
SPY,4/18/2017,233.72,233.08,234.49,233.87,80188300,233.44,238.55,238.77,SPDR S&P500,S_P_500
SPY,4/19/2017,234.52,233.18,234.95,233.44,66861500,235.34,238.4,238.48,SPDR S&P500,S_P_500
SPY,4/20/2017,234.15,233.78,235.85,235.34,88657000,234.59,238.6,238.76,SPDR S&P500,S_P_500
SPY,4/21/2017,235.25,234.13,235.31,234.59,100595400,237.17,238.08,239.7,SPDR S&P500,S_P_500
SPY,4/24/2017,237.18,234.56,237.41,237.17,116570200,238.55,238.68,239.66,SPDR S&P500,S_P_500
SPY,4/25/2017,237.91,237.81,238.95,238.55,71835700,238.4,238.77,239.44,SPDR S&P500,S_P_500
SPY,4/26/2017,238.51,238.35,239.53,238.4,82714900,238.6,238.48,239.87,SPDR S&P500,S_P_500
SPY,4/27/2017,238.77,237.98,238.95,238.6,52840500,238.08,238.76,239.38,SPDR S&P500,S_P_500
SPY,4/28/2017,238.9,237.93,238.93,238.08,53247400,238.68,239.7,238.98,SPDR S&P500,S_P_500
SPY,5/1/2017,238.68,238.2,239.17,238.68,50959200,238.77,239.66,240.3,SPDR S&P500,S_P_500
SPY,5/2/2017,238.84,238.3,238.98,238.77,55117300,238.48,239.44,240.08,SPDR S&P500,S_P_500
SPY,5/3/2017,238.77,237.7,238.88,238.48,66723800,238.76,239.87,235.82,SPDR S&P500,S_P_500
SPY,5/4/2017,238.83,237.78,238.92,238.76,60565100,239.7,239.38,236.77,SPDR S&P500,S_P_500
SPY,5/5/2017,239.19,238.68,239.72,239.7,57939700,239.66,238.98,238.31,SPDR S&P500,S_P_500
SPY,5/8/2017,239.75,239.17,239.92,239.66,47154700,239.44,240.3,239.52,SPDR S&P500,S_P_500
SPY,5/9/2017,239.96,239.04,240.19,239.44,50077900,239.87,240.08,240.05,SPDR S&P500,S_P_500
SPY,5/10/2017,239.39,239.15,239.87,239.87,51911800,239.38,0.36,240.61,SPDR S&P500,S_P_500
SPY,5/11/2017,239.35,238.13,239.57,239.38,60527900,238.98,236.77,241.76,SPDR S&P500,S_P_500
SPY,5/12/2017,239.09,238.67,239.43,238.98,51424500,240.3,238.31,241.71,SPDR S&P500,S_P_500
SPY,5/15/2017,239.47,239.45,240.44,240.3,61918937,240.08,239.52,241.5,SPDR S&P500,S_P_500
SPY,5/16/2017,240.64,239.63,240.67,240.08,51241791,235.82,240.05,241.44,SPDR S&P500,S_P_500
SPY,5/17/2017,0.36,0.36,0.36,235.82,172174107,236.77,240.61,243.36,SPDR S&P500,S_P_500
SPY,5/18/2017,235.73,235.43,237.75,236.77,106236399,238.31,241.76,244.17,SPDR S&P500,S_P_500
SPY,5/19/2017,237.33,237.27,239.08,238.31,115011373,239.52,241.71,243.99,SPDR S&P500,S_P_500
SPY,5/22/2017,238.9,238.82,239.71,239.52,51707507,240.05,241.5,243.21,SPDR S&P500,S_P_500
SPY,5/23/2017,239.95,239.51,240.24,240.05,47495784,240.61,241.44,243.66,SPDR S&P500,S_P_500
SPY,5/24/2017,240.32,239.93,240.73,240.61,48206532,241.76,243.36,243.78,SPDR S&P500,S_P_500
SPY,5/25/2017,241.2,240.96,242.08,241.76,63591031,241.71,244.17,243.41,SPDR S&P500,S_P_500
SPY,5/26/2017,241.54,241.45,241.9,241.71,45553250,241.5,243.99,243.36,SPDR S&P500,S_P_500
SPY,5/30/2017,241.34,241.16,241.79,241.5,34865671,241.44,243.21,244.55,SPDR S&P500,S_P_500
SPY,5/31/2017,241.84,240.64,241.88,241.44,86778632,243.36,243.66,244.24,SPDR S&P500,S_P_500
SPY,6/1/2017,241.97,241.64,243.38,243.36,67794602,244.17,243.78,243.77,SPDR S&P500,S_P_500
SPY,6/2/2017,243.42,243.08,244.35,244.17,86448142,243.99,243.41,242.64,SPDR S&P500,S_P_500
SPY,6/5/2017,243.97,243.76,244.3,243.99,43354674,243.21,243.36,244.66,SPDR S&P500,S_P_500
SPY,6/6/2017,243.34,243.12,243.98,243.21,49480171,243.66,244.55,243.01,SPDR S&P500,S_P_500
SPY,6/7/2017,243.6,242.83,243.92,243.66,52274548,243.78,244.24,242.95,SPDR S&P500,S_P_500
SPY,6/8/2017,243.77,243.17,244.33,243.78,64347345,243.41,243.77,242.84,SPDR S&P500,S_P_500
SPY,6/9/2017,244.09,241.95,245.01,243.41,128394269,243.36,242.64,243.13,SPDR S&P500,S_P_500
SPY,6/12/2017,243.13,242.38,243.42,243.36,85545072,244.55,244.66,243.29,SPDR S&P500,S_P_500
SPY,6/13/2017,243.98,243.58,244.61,244.55,59286210,244.24,243.01,241.33,SPDR S&P500,S_P_500
SPY,6/14/2017,244.86,243.29,244.87,244.24,77839842,243.77,242.95,243.49,SPDR S&P500,S_P_500
SPY,6/15/2017,242.68,242.36,243.91,243.77,64112342,242.64,242.84,241.35,SPDR S&P500,S_P_500
SPY,6/16/2017,242.77,241.63,242.83,242.64,80762334,244.66,243.13,241.8,SPDR S&P500,S_P_500
SPY,6/19/2017,243.59,243.48,244.73,244.66,62880192,243.01,243.29,242.21,SPDR S&P500,S_P_500
SPY,6/20/2017,244.25,242.99,244.26,243.01,55992336,242.95,241.33,242.77,SPDR S&P500,S_P_500
SPY,6/21/2017,243.42,242.41,243.59,242.95,55435266,242.84,243.49,240.55,SPDR S&P500,S_P_500
SPY,6/22/2017,242.96,242.64,243.53,242.84,42980257,243.13,241.35,242.11,SPDR S&P500,S_P_500
SPY,6/23/2017,242.91,242.47,243.51,243.13,65864751,243.29,241.8,242.37,SPDR S&P500,S_P_500
SPY,6/26/2017,243.9,243.04,244.38,243.29,55433218,241.33,242.21,242.19,SPDR S&P500,S_P_500
SPY,6/27/2017,243.04,241.31,243.38,241.33,81788298,243.49,242.77,244.01,SPDR S&P500,S_P_500
SPY,6/28/2017,242.5,242.23,243.72,243.49,68879070,241.35,240.55,244.42,SPDR S&P500,S_P_500
SPY,6/29/2017,243.66,239.96,243.72,241.35,104186416,241.8,242.11,245.56,SPDR S&P500,S_P_500
SPY,6/30/2017,242.28,241.58,242.71,241.8,86820694,242.21,242.37,245.53,SPDR S&P500,S_P_500
SPY,7/3/2017,242.88,242.21,243.38,242.21,39150084,242.77,242.19,245.66,SPDR S&P500,S_P_500
SPY,7/5/2017,242.63,241.7,243.01,242.77,53775460,240.55,244.01,246.99,SPDR S&P500,S_P_500
SPY,7/6/2017,241.89,240.34,242.03,240.55,65522196,242.11,244.42,247.1,SPDR S&P500,S_P_500
SPY,7/7/2017,241.21,240.56,242.28,242.11,56470022,242.37,245.56,246.88,SPDR S&P500,S_P_500
SPY,7/10/2017,241.95,241.76,242.8,242.37,35983990,242.19,245.53,246.82,SPDR S&P500,S_P_500
SPY,7/11/2017,242.16,240.85,242.55,242.19,49764357,244.01,245.66,247.42,SPDR S&P500,S_P_500
SPY,7/12/2017,243.3,243.3,244.2,244.01,59610405,244.42,246.99,247.43,SPDR S&P500,S_P_500
SPY,7/13/2017,244.02,243.76,244.55,244.42,37865170,245.56,247.1,247.2,SPDR S&P500,S_P_500
SPY,7/14/2017,244.43,244.31,245.97,245.56,58850768,245.53,246.88,246.91,SPDR S&P500,S_P_500
SPY,7/17/2017,245.47,245.33,245.91,245.53,31041685,245.66,246.82,246.77,SPDR S&P500,S_P_500
SPY,7/18/2017,245.06,244.67,245.72,245.66,41476107,246.99,247.42,247.32,SPDR S&P500,S_P_500
SPY,7/19/2017,246.02,246.01,247,246.99,50489524,247.1,247.43,247.44,SPDR S&P500,S_P_500
SPY,7/20/2017,247.28,246.47,247.42,247.1,46415256,246.88,247.2,246.96,SPDR S&P500,S_P_500
SPY,7/21/2017,246.44,246.18,246.91,246.88,83867045,246.82,246.91,247.41,SPDR S&P500,S_P_500
SPY,7/24/2017,246.79,246.28,246.98,246.82,46052195,247.42,246.77,247.87,SPDR S&P500,S_P_500
SPY,7/25/2017,247.68,247.16,247.8,247.42,53391871,247.43,247.32,247.26,SPDR S&P500,S_P_500
SPY,7/26/2017,247.75,247.13,247.79,247.43,46975262,247.2,247.44,247.25,SPDR S&P500,S_P_500
SPY,7/27/2017,247.96,245.68,248,247.2,70009777,246.91,246.96,243.76,SPDR S&P500,S_P_500
SPY,7/28/2017,246.65,246.13,247.06,246.91,47565490,246.77,247.41,244.12,SPDR S&P500,S_P_500
SPY,7/31/2017,247.37,246.53,247.48,246.77,65838659,247.32,247.87,246.54,SPDR S&P500,S_P_500
SPY,8/1/2017,247.46,246.72,247.5,247.32,55050401,247.44,247.26,246.51,SPDR S&P500,S_P_500
SPY,8/2/2017,247.47,246.37,247.6,247.44,44898567,246.96,247.25,246.94,SPDR S&P500,S_P_500
SPY,8/3/2017,247.31,246.64,247.34,246.96,39321132,247.41,243.76,243.09,SPDR S&P500,S_P_500
SPY,8/4/2017,247.52,246.97,247.79,247.41,60191838,247.87,244.12,242.71,SPDR S&P500,S_P_500
SPY,8/7/2017,247.49,247.37,247.87,247.87,31995021,247.26,246.54,242.9,SPDR S&P500,S_P_500
SPY,8/8/2017,247.51,246.83,248.91,247.26,61719353,247.25,246.51,245.44,SPDR S&P500,S_P_500
SPY,8/9/2017,246.47,246.06,247.31,247.25,62632619,243.76,246.94,244.56,SPDR S&P500,S_P_500
SPY,8/10/2017,246.29,243.7,246.44,243.76,113951411,244.12,243.09,243.99,SPDR S&P500,S_P_500
SPY,8/11/2017,244.02,243.75,244.8,244.12,74869947,246.54,242.71,244.56,SPDR S&P500,S_P_500
SPY,8/14/2017,245.59,245.55,246.79,246.54,72139036,246.51,242.9,244.57,SPDR S&P500,S_P_500
SPY,8/15/2017,246.98,246.16,247,246.51,52419341,246.94,245.44,244.85,SPDR S&P500,S_P_500
SPY,8/16/2017,247.11,246.45,247.57,246.94,55201438,243.09,244.56,246.01,SPDR S&P500,S_P_500
SPY,8/17/2017,246.24,232.33,246.6,243.09,128490396,242.71,243.99,247.49,SPDR S&P500,S_P_500
SPY,8/18/2017,242.9,242.2,244.19,242.71,132649098,242.9,244.56,247.84,SPDR S&P500,S_P_500
SPY,8/21/2017,242.64,241.83,243.2,242.9,61610323,245.44,244.57,246.76,SPDR S&P500,S_P_500
SPY,8/22/2017,243.57,243.55,245.62,245.44,61606356,244.56,244.85,246.9,SPDR S&P500,S_P_500
SPY,8/23/2017,244.33,244.16,245.05,244.56,48094228,243.99,246.01,246.87,SPDR S&P500,S_P_500
SPY,8/24/2017,245,243.75,245.18,243.99,49730497,244.56,247.49,246.58,SPDR S&P500,S_P_500
SPY,8/25/2017,244.9,244.39,245.61,244.56,60191562,244.57,247.84,249.21,SPDR S&P500,S_P_500
SPY,8/28/2017,245.17,244.09,245.2,244.57,36191718,244.85,246.76,250.05,SPDR S&P500,S_P_500
SPY,8/29/2017,243.06,242.93,245.15,244.85,50161035,246.01,246.9,250.17,SPDR S&P500,S_P_500
SPY,8/30/2017,244.83,244.62,246.32,246.01,58757186,247.49,246.87,250.09,SPDR S&P500,S_P_500
SPY,8/31/2017,246.72,246.05,247.77,247.49,90360396,247.84,246.58,249.19,SPDR S&P500,S_P_500
SPY,9/1/2017,247.92,247.67,248.33,247.84,58994548,246.76,249.21,249.72,SPDR S&P500,S_P_500
SPY,9/5/2017,247.26,246.61,247.52,246.76,16096968,246.9,250.05,249.97,SPDR S&P500,S_P_500
SPY,9/6/2017,246.84,246.23,247.28,246.9,57916867,246.87,250.17,250.06,SPDR S&P500,S_P_500
SPY,9/7/2017,247.25,246.4,247.27,246.87,58034730,246.58,250.09,249.39,SPDR S&P500,S_P_500
SPY,9/8/2017,246.54,246.3,247.11,246.58,62187197,249.21,249.19,249.44,SPDR S&P500,S_P_500
SPY,9/11/2017,248.04,248.02,249.3,249.21,70351336,250.05,249.72,248.93,SPDR S&P500,S_P_500
SPY,9/12/2017,249.63,249.42,250.09,250.05,56896027,250.17,249.97,249.08,SPDR S&P500,S_P_500
SPY,9/13/2017,249.72,249.59,250.21,250.17,59228002,250.09,250.06,250.05,SPDR S&P500,S_P_500
SPY,9/14/2017,249.8,249.6,250.32,250.09,84569228,249.19,249.39,250.35,SPDR S&P500,S_P_500
SPY,9/15/2017,248.69,248.57,249.29,249.19,86798642,249.72,249.44,251.23,SPDR S&P500,S_P_500
SPY,9/18/2017,249.61,249.28,250.12,249.72,46235238,249.97,248.93,252.32,SPDR S&P500,S_P_500
SPY,9/19/2017,250,249.6,250.07,249.97,47086061,250.06,249.08,252.86,SPDR S&P500,S_P_500
SPY,9/20/2017,250.07,248.92,250.19,250.06,59540008,249.39,250.05,253.16,SPDR S&P500,S_P_500
SPY,9/21/2017,249.88,249.19,249.98,249.39,48155193,249.44,250.35,254.66,SPDR S&P500,S_P_500
SPY,9/22/2017,249.05,249.02,249.63,249.44,51198860,248.93,251.23,254.37,SPDR S&P500,S_P_500
SPY,9/25/2017,249.15,248.08,249.55,248.93,56983989,249.08,252.32,253.95,SPDR S&P500,S_P_500
SPY,9/26/2017,249.42,248.81,249.7,249.08,54062937,250.05,252.86,254.62,SPDR S&P500,S_P_500
SPY,9/27/2017,249.88,248.87,250.49,250.05,80971580,250.35,253.16,254.32,SPDR S&P500,S_P_500
SPY,9/28/2017,249.73,249.63,250.44,250.35,44723771,251.23,254.66,254.64,SPDR S&P500,S_P_500
SPY,9/29/2017,250.34,250.13,251.32,251.23,83458197,252.32,254.37,254.95,SPDR S&P500,S_P_500
SPY,10/2/2017,251.49,251.29,252.32,252.32,55916337,252.86,253.95,255.29,SPDR S&P500,S_P_500
SPY,10/3/2017,252.46,252.23,252.89,252.86,63706537,253.16,254.62,255.47,SPDR S&P500,S_P_500
SPY,10/4/2017,252.69,252.56,253.44,253.16,50305842,254.66,254.32,255.72,SPDR S&P500,S_P_500
SPY,10/5/2017,253.54,253.2,254.68,254.66,63012127,254.37,254.64,255.79,SPDR S&P500,S_P_500
SPY,10/6/2017,254.15,253.85,254.7,254.37,76477164,253.95,254.95,257.11,SPDR S&P500,S_P_500
SPY,10/9/2017,254.63,253.65,254.7,253.95,34661167,254.62,255.29,256.11,SPDR S&P500,S_P_500
SPY,10/10/2017,254.6,253.98,255.05,254.62,42542187,254.32,255.47,256.56,SPDR S&P500,S_P_500
SPY,10/11/2017,254.51,254.32,254.64,254.32,2963114,254.64,255.72,255.29,SPDR S&P500,S_P_500
SPY,10/12/2017,254.66,254.36,255.06,254.64,46511769,254.95,255.79,255.62,SPDR S&P500,S_P_500
SPY,10/13/2017,255.14,254.64,255.27,254.95,53835902,255.29,257.11,257.71,SPDR S&P500,S_P_500
SPY,10/16/2017,255.21,254.82,255.51,255.29,37837474,255.47,256.11,256.75,SPDR S&P500,S_P_500
SPY,10/17/2017,255.23,254.98,255.52,255.47,31267866,255.72,256.56,257.15,SPDR S&P500,S_P_500
SPY,10/18/2017,255.9,255.5,255.95,255.72,40052979,255.79,255.29,257.49,SPDR S&P500,S_P_500
SPY,10/19/2017,254.83,254.35,255.83,255.79,61890100,257.11,255.62,257.59,SPDR S&P500,S_P_500
SPY,10/20/2017,256.7,255.77,257.14,257.11,89164300,256.11,257.71,258.45,SPDR S&P500,S_P_500
SPY,10/23/2017,257.48,256.02,257.51,256.11,63449446,256.56,256.75,258.85,SPDR S&P500,S_P_500
SPY,10/24/2017,256.6,256.15,256.83,256.56,61720646,255.29,257.15,258.67,SPDR S&P500,S_P_500
SPY,10/25/2017,256.18,254,256.31,255.29,100250311,255.62,257.49,259.11,SPDR S&P500,S_P_500
SPY,10/26/2017,255.99,255.48,256.3,255.62,68568424,257.71,257.59,258.17,SPDR S&P500,S_P_500
SPY,10/27/2017,256.54,255.63,257.89,257.71,84779300,256.75,258.45,258.09,SPDR S&P500,S_P_500
SPY,10/30/2017,257.07,256.41,257.6,256.75,53532600,257.15,258.85,258.33,SPDR S&P500,S_P_500
SPY,10/31/2017,257.18,256.81,257.44,257.15,57827400,257.49,258.67,257.73,SPDR S&P500,S_P_500
SPY,11/1/2017,258.04,257.07,258.43,257.49,53439437,257.59,259.11,256.44,SPDR S&P500,S_P_500
SPY,11/2/2017,257.41,256.19,257.75,257.59,55105981,258.45,258.17,258.62,SPDR S&P500,S_P_500
SPY,11/3/2017,257.77,257.3,258.5,258.45,59257900,258.85,258.09,257.86,SPDR S&P500,S_P_500
SPY,11/6/2017,258.3,258.22,259,258.85,49399700,258.67,258.33,258.3,SPDR S&P500,S_P_500
SPY,11/7/2017,258.97,258.09,259.35,258.67,56879700,259.11,257.73,259.99,SPDR S&P500,S_P_500
SPY,11/8/2017,258.47,258.15,259.22,259.11,49914300,258.17,256.44,259.76,SPDR S&P500,S_P_500
SPY,11/9/2017,257.73,256.36,258.39,258.17,93969400,258.09,258.62,260.36,SPDR S&P500,S_P_500
SPY,11/10/2017,257.73,257.37,258.29,258.09,59513494,258.33,257.86,260.23,SPDR S&P500,S_P_500
SPY,11/13/2017,257.31,257.27,258.59,258.33,49893700,257.73,258.3,262.87,SPDR S&P500,S_P_500
SPY,11/14/2017,257.41,256.52,257.85,257.73,60209500,256.44,259.99,262.71,SPDR S&P500,S_P_500
SPY,11/15/2017,256.62,255.63,257.22,256.44,79727000,258.62,259.76,265.01,SPDR S&P500,S_P_500
SPY,11/16/2017,257.52,257.48,259.04,258.62,67262500,257.86,260.36,264.46,SPDR S&P500,S_P_500
SPY,11/17/2017,258.22,257.77,258.59,257.86,75004700,258.3,260.23,264.14,SPDR S&P500,S_P_500
SPY,11/20/2017,258.14,257.86,258.52,258.3,47928300,259.99,262.87,263.19,SPDR S&P500,S_P_500
SPY,11/21/2017,259.18,258.26,260.2,259.99,68780800,259.76,262.71,263.24,SPDR S&P500,S_P_500
SPY,11/22/2017,260,259.57,260.15,259.76,44729400,260.36,265.01,264.07,SPDR S&P500,S_P_500
SPY,11/24/2017,260.32,260.16,260.48,260.36,27832400,260.23,264.46,265.51,SPDR S&P500,S_P_500
SPY,11/27/2017,260.41,260,260.75,260.23,51898900,262.87,264.14,266.31,SPDR S&P500,S_P_500
SPY,11/28/2017,260.76,260.65,262.9,262.87,97656000,262.71,263.19,266.78,SPDR S&P500,S_P_500
SPY,11/29/2017,263.02,262.2,263.63,262.71,76448600,265.01,263.24,266.75,SPDR S&P500,S_P_500
SPY,11/30/2017,263.76,263.67,266.05,265.01,125545900,264.46,264.07,265.66,SPDR S&P500,S_P_500
SPY,12/1/2017,264.76,260.76,265.31,264.46,161739800,264.14,265.51,266.51,SPDR S&P500,S_P_500
SPY,12/4/2017,266.31,264.08,266.8,264.14,93573700,263.19,266.31,268.2,SPDR S&P500,S_P_500
SPY,12/5/2017,264.43,263.04,265.15,263.19,77670100,263.24,266.78,267.17,SPDR S&P500,S_P_500
SPY,12/6/2017,262.87,262.71,263.73,263.24,75779300,264.07,266.75,267.03,SPDR S&P500,S_P_500
SPY,12/7/2017,263.09,262.94,264.43,264.07,76470700,265.51,265.66,267.58,SPDR S&P500,S_P_500
SPY,12/8/2017,264.99,264.03,265.52,265.51,74946900,266.31,266.51,267.51,SPDR S&P500,S_P_500
SPY,12/11/2017,265.58,265.48,266.38,266.31,78880500,266.78,268.2,267.19,SPDR S&P500,S_P_500
SPY,12/12/2017,266.57,266.35,267.32,266.78,84554600,266.75,267.17,267.32,SPDR S&P500,S_P_500
SPY,12/13/2017,267.06,266.65,267.56,266.75,102089300,265.66,267.03,267.87,SPDR S&P500,S_P_500
SPY,12/14/2017,267.09,265.6,267.22,265.66,98631600,266.51,267.58,266.86,SPDR S&P500,S_P_500
SPY,12/15/2017,265.45,265.39,267.04,266.51,143590500,268.2,267.51,268.77,SPDR S&P500,S_P_500
SPY,12/18/2017,268.1,267.98,268.6,268.2,80592300,267.17,267.19,270.47,SPDR S&P500,S_P_500
SPY,12/19/2017,268.48,267.09,268.53,267.17,77737500,267.03,267.32,271.61,SPDR S&P500,S_P_500
SPY,12/20/2017,268.27,266.69,268.33,267.03,76706800,267.58,267.87,273.42,SPDR S&P500,S_P_500
SPY,12/21/2017,267.74,267.3,268.39,267.58,63498000,267.51,266.86,273.92,SPDR S&P500,S_P_500
SPY,12/22/2017,267.6,266.9,267.64,267.51,78451500,267.19,268.77,274.54,SPDR S&P500,S_P_500
SPY,12/26/2017,267.05,266.89,267.44,267.19,45041800,267.32,270.47,274.12,SPDR S&P500,S_P_500
SPY,12/27/2017,267.38,267.01,267.73,267.32,57708400,267.87,271.61,276.12,SPDR S&P500,S_P_500
SPY,12/28/2017,267.89,267.45,267.92,267.87,44729575,266.86,273.42,277.92,SPDR S&P500,S_P_500
SPY,12/29/2017,268.53,266.64,268.55,266.86,95856700,268.77,273.92,276.97,SPDR S&P500,S_P_500
SPY,1/2/2018,267.84,267.4,268.81,268.77,74833900,270.47,274.54,279.61,SPDR S&P500,S_P_500
SPY,1/3/2018,268.96,268.96,270.64,270.47,88260000,271.61,274.12,279.14,SPDR S&P500,S_P_500
SPY,1/4/2018,271.2,270.54,272.16,271.61,80518000,273.42,276.12,280.41,SPDR S&P500,S_P_500
SPY,1/5/2018,272.51,271.95,273.56,273.42,81368000,273.92,277.92,282.69,SPDR S&P500,S_P_500
SPY,1/8/2018,273.31,272.98,274.1,273.92,57272000,274.54,276.97,283.29,SPDR S&P500,S_P_500
SPY,1/9/2018,274.4,274.08,275.25,274.54,56944100,274.12,279.61,283.18,SPDR S&P500,S_P_500
SPY,1/10/2018,273.68,272.92,274.42,274.12,69339700,276.12,279.14,283.3,SPDR S&P500,S_P_500
SPY,1/11/2018,274.75,274.56,276.12,276.12,62273300,277.92,280.41,286.58,SPDR S&P500,S_P_500
SPY,1/12/2018,276.42,276.08,278.11,277.92,90388500,276.97,282.69,284.68,SPDR S&P500,S_P_500
SPY,1/16/2018,279.35,276.18,280.09,276.97,105259000,279.61,283.29,281.76,SPDR S&P500,S_P_500
SPY,1/17/2018,278.03,276.97,280.05,279.61,112587900,279.14,283.18,281.9,SPDR S&P500,S_P_500
SPY,1/18/2018,279.48,278.58,279.96,279.14,98253600,280.41,283.3,281.58,SPDR S&P500,S_P_500
SPY,1/19/2018,279.8,279.14,280.41,280.41,141958000,282.69,286.58,275.45,SPDR S&P500,S_P_500
SPY,1/22/2018,280.17,280.11,282.69,282.69,80649181,283.29,284.68,263.93,SPDR S&P500,S_P_500
SPY,1/23/2018,282.74,282.37,283.62,283.29,91407100,283.18,281.76,269.13,SPDR S&P500,S_P_500
SPY,1/24/2018,284.02,281.84,284.7,283.18,134728600,283.3,281.9,267.67,SPDR S&P500,S_P_500
SPY,1/25/2018,284.16,282.4,284.27,283.3,84437000,286.58,281.58,257.63,SPDR S&P500,S_P_500
SPY,1/26/2018,284.25,283.96,286.63,286.58,103171300,284.68,275.45,261.5,SPDR S&P500,S_P_500
SPY,1/29/2018,285.93,284.5,286.43,284.68,89781900,281.76,263.93,265.34,SPDR S&P500,S_P_500
SPY,1/30/2018,282.6,281.22,284.74,281.76,128208800,281.9,269.13,266,SPDR S&P500,S_P_500
SPY,1/31/2018,282.73,280.68,283.3,281.9,109855486,281.58,267.67,269.59,SPDR S&P500,S_P_500
SPY,2/1/2018,281.07,280.68,283.06,281.58,87569800,275.45,257.63,273.03,SPDR S&P500,S_P_500
SPY,2/2/2018,280.08,275.41,280.23,275.45,171608000,263.93,261.5,273.11,SPDR S&P500,S_P_500
SPY,2/5/2018,273.45,263.31,275.85,263.93,290924400,269.13,265.34,271.4,SPDR S&P500,S_P_500
SPY,2/6/2018,259.94,258.7,269.7,269.13,352526300,267.67,266,270.05,SPDR S&P500,S_P_500
SPY,2/7/2018,268.5,267.58,272.36,267.67,166316700,257.63,269.59,270.4,SPDR S&P500,S_P_500
SPY,2/8/2018,268.01,257.59,268.17,257.63,242502700,261.5,273.03,274.71,SPDR S&P500,S_P_500
SPY,2/9/2018,260.8,252.92,263.61,261.5,278618900,265.34,273.11,277.9,SPDR S&P500,S_P_500
SPY,2/12/2018,263.83,261.66,267.01,265.34,140672500,266,271.4,274.43,SPDR S&P500,S_P_500
SPY,2/13/2018,263.97,263.31,266.62,266,79172900,269.59,270.05,271.65,SPDR S&P500,S_P_500
SPY,2/14/2018,264.31,264.3,270,269.59,120178900,273.03,270.4,267.7,SPDR S&P500,S_P_500
SPY,2/15/2018,271.57,268.77,273.04,273.03,108479800,273.11,274.71,269.08,SPDR S&P500,S_P_500
SPY,2/16/2018,272.32,272.27,275.32,273.11,155913100,271.4,277.9,272.19,SPDR S&P500,S_P_500
SPY,2/20/2018,272.03,270.5,273.67,271.4,83755000,270.05,274.43,272.88,SPDR S&P500,S_P_500
SPY,2/21/2018,271.9,269.94,274.72,270.05,97506400,270.4,271.65,272.78,SPDR S&P500,S_P_500
SPY,2/22/2018,271.1,269.64,273.05,270.4,106611600,274.71,267.7,274.1,SPDR S&P500,S_P_500
SPY,2/23/2018,271.79,271.25,274.71,274.71,88105100,277.9,269.08,278.87,SPDR S&P500,S_P_500
SPY,2/26/2018,275.93,275.26,278.01,277.9,86329400,274.43,272.19,278.52,SPDR S&P500,S_P_500
SPY,2/27/2018,278.11,274.36,278.92,274.43,98244300,271.65,272.88,276.72,SPDR S&P500,S_P_500
SPY,2/28/2018,275.68,271.29,276.19,271.65,120673300,267.7,272.78,275.3,SPDR S&P500,S_P_500
SPY,3/1/2018,271.41,266,273.17,267.7,176855000,269.08,274.1,275,SPDR S&P500,S_P_500
SPY,3/2/2018,265.8,264.82,269.72,269.08,138902400,272.19,278.87,,SPDR S&P500,S_P_500
SPY,3/5/2018,267.73,267.61,272.89,272.19,96589200,272.88,278.52,270.49,SPDR S&P500,S_P_500
SPY,3/6/2018,273.3,271.18,273.39,272.88,73311600,272.78,276.72,270.95,SPDR S&P500,S_P_500
SPY,3/7/2018,270.42,270.2,273.18,272.78,86469900,274.1,275.3,270.43,SPDR S&P500,S_P_500
SPY,3/8/2018,273.55,272.42,274.24,274.1,66567400,278.87,275,263.67,SPDR S&P500,S_P_500
SPY,3/9/2018,275.7,275.34,278.87,278.87,113509000,278.52,,258.05,SPDR S&P500,S_P_500
SPY,3/12/2018,279.2,278.08,279.91,278.52,70626900,276.72,270.49,265.11,SPDR S&P500,S_P_500
SPY,3/13/2018,279.84,276.03,280.41,276.72,89498900,275.3,270.95,260.6,SPDR S&P500,S_P_500
SPY,3/14/2018,277.81,274.67,278.02,275.3,104173000,275,270.43,259.83,SPDR S&P500,S_P_500
SPY,3/15/2018,275.88,274.43,276.61,275,81375100,,263.67,263.15,SPDR S&P500,S_P_500
SPY,3/19/2018,273.35,268.62,274.4,270.49,108218200,270.95,265.11,260.77,SPDR S&P500,S_P_500
SPY,3/20/2018,270.94,270.18,271.67,270.95,59140700,270.43,260.6,263.56,SPDR S&P500,S_P_500
SPY,3/21/2018,270.9,270.19,273.27,270.43,78502000,263.67,259.83,265.64,SPDR S&P500,S_P_500
SPY,3/22/2018,267.91,263.36,268.87,263.67,146417100,258.05,263.15,259.72,SPDR S&P500,S_P_500
SPY,3/23/2018,264.17,257.83,265.02,258.05,183348800,265.11,257.47,261,SPDR S&P500,S_P_500
SPY,3/26/2018,262.13,259.41,265.43,265.11,140762400,260.6,260.77,265.15,SPDR S&P500,S_P_500
SPY,3/27/2018,266.17,258.84,266.77,260.6,128900000,259.83,263.56,263.76,SPDR S&P500,S_P_500
SPY,3/28/2018,260.75,258.58,262.64,259.83,146088900,263.15,265.64,265.93,SPDR S&P500,S_P_500
SPY,3/29/2018,261.12,259.84,265.26,263.15,123162700,257.47,259.72,265.15,SPDR S&P500,S_P_500
SPY,4/2/2018,262.55,254.67,263.13,257.47,184710400,260.77,261,267.33,SPDR S&P500,S_P_500
SPY,4/3/2018,258.87,256.84,261.31,260.77,119492300,263.56,265.15,270.19,SPDR S&P500,S_P_500
SPY,4/4/2018,256.75,256.6,264.36,263.56,123193700,265.64,263.76,270.39,SPDR S&P500,S_P_500
SPY,4/5/2018,265.55,264.32,266.64,265.64,80980400,259.72,265.93,268.89,SPDR S&P500,S_P_500
SPY,4/6/2018,263.42,258,265.11,259.72,182029210,261,265.15,266.61,SPDR S&P500,S_P_500
SPY,4/9/2018,261.37,259.94,264.84,261,104745500,265.15,267.33,266.57,SPDR S&P500,S_P_500
SPY,4/10/2018,264.27,262.98,266.04,265.15,104375800,263.76,270.19,262.98,SPDR S&P500,S_P_500
SPY,4/11/2018,263.47,263.39,265.64,263.76,90886300,265.93,270.39,263.63,SPDR S&P500,S_P_500
SPY,4/12/2018,265.26,265.06,267,265.93,68138500,265.15,268.89,266.31,SPDR S&P500,S_P_500
SPY,4/13/2018,267.41,264.01,267.54,265.15,84647281,267.33,266.61,266.56,SPDR S&P500,S_P_500
SPY,4/16/2018,267,266.07,268.2,267.33,62679800,270.19,266.57,264.51,SPDR S&P500,S_P_500
SPY,4/17/2018,269.33,268.75,270.87,270.19,63558700,270.39,262.98,264.98,SPDR S&P500,S_P_500
SPY,4/18/2018,270.69,269.87,271.3,270.39,56695600,268.89,263.63,263.2,SPDR S&P500,S_P_500
SPY,4/19/2018,269.65,267.72,269.88,268.89,77469500,266.61,266.31,262.62,SPDR S&P500,S_P_500
SPY,4/20/2018,268.81,265.61,269.06,266.61,97387183,266.57,266.56,266.02,SPDR S&P500,S_P_500
SPY,4/23/2018,267.26,265.35,267.89,266.57,65448100,262.98,264.51,266.92,SPDR S&P500,S_P_500
SPY,4/24/2018,267.73,261.28,267.98,262.98,112655600,263.63,264.98,266.92,SPDR S&P500,S_P_500
SPY,4/25/2018,262.91,260.85,264.13,263.63,102557500,266.31,263.2,269.5,SPDR S&P500,S_P_500
SPY,4/26/2018,264.79,264.29,267.25,266.31,67332700,266.56,262.62,272.02,SPDR S&P500,S_P_500
SPY,4/27/2018,267,265.5,267.34,266.56,56668800,264.51,266.02,272.85,SPDR S&P500,S_P_500
SPY,4/30/2018,267.26,264.43,267.89,264.51,80189406,264.98,266.92,272.98,SPDR S&P500,S_P_500
SPY,5/1/2018,263.87,262.11,265.1,264.98,75884800,263.2,266.92,271.1,SPDR S&P500,S_P_500
SPY,5/2/2018,264.76,262.76,265.68,263.2,85285100,262.62,269.5,272.24,SPDR S&P500,S_P_500
SPY,5/3/2018,262.26,259.05,263.36,262.62,136093400,266.02,272.02,272.01,SPDR S&P500,S_P_500
SPY,5/4/2018,261.52,261.15,266.79,266.02,87407900,266.92,272.85,271.33,SPDR S&P500,S_P_500
SPY,5/7/2018,266.89,266.11,268.02,266.92,55030100,266.92,272.98,273.37,SPDR S&P500,S_P_500
SPY,5/8/2018,266.5,265.15,267.33,266.92,67394300,269.5,271.1,272.61,SPDR S&P500,S_P_500
SPY,5/9/2018,267.68,267.09,269.86,269.5,59450800,272.02,272.24,273.36,SPDR S&P500,S_P_500
SPY,5/10/2018,270.34,270.22,272.39,272.02,71102900,272.85,272.01,272.8,SPDR S&P500,S_P_500
SPY,5/11/2018,272.16,271.58,273.15,272.85,59766300,272.98,271.33,272.15,SPDR S&P500,S_P_500
SPY,5/14/2018,273.34,272.36,274.08,272.98,54679700,271.1,273.37,269.02,SPDR S&P500,S_P_500
SPY,5/15/2018,271.59,270.03,271.61,271.1,86816800,272.24,272.61,272.61,SPDR S&P500,S_P_500
SPY,5/16/2018,271.14,271.11,272.76,272.24,52994200,272.01,273.36,270.94,SPDR S&P500,S_P_500
SPY,5/17/2018,271.94,271.13,273.23,272.01,56348600,271.33,272.8,273.6,SPDR S&P500,S_P_500
SPY,5/18/2018,271.62,270.93,272.03,271.33,63512100,273.37,272.15,,SPDR S&P500,S_P_500
SPY,5/21/2018,273.01,271.35,273.98,273.37,57815500,272.61,269.02,,SPDR S&P500,S_P_500
SPY,5/22/2018,273.96,272.24,274.25,272.61,52812600,273.36,272.61,,SPDR S&P500,S_P_500
SPY,5/23/2018,271.17,270.99,273.39,273.36,64439700,272.8,270.94,,SPDR S&P500,S_P_500
SPY,5/24/2018,272.91,270.78,273.22,272.8,75060800,272.15,273.6,,SPDR S&P500,S_P_500
SPY,5/25/2018,272.15,271.58,272.86,272.15,56277000,269.02,,,SPDR S&P500,S_P_500
SPY,5/29/2018,270.31,267.76,271.17,269.02,115064100,272.61,,,SPDR S&P500,S_P_500
SPY,5/30/2018,270.5,270.42,273.11,272.61,69012700,270.94,,,SPDR S&P500,S_P_500
SPY,5/31/2018,272.15,270.26,272.49,270.94,90776700,273.6,,,SPDR S&P500,S_P_500
SPY,6/1/2018,272.41,272.33,273.94,273.6,70429500,,,,SPDR S&P500,S_P_500
